[
    {
        "title": "Caterpillar_Butterfly",
        "img_thumb": "http://farm4.staticflickr.com/3024/3036341686_2a4cc2d8cd_q.jpg",
        "img_src": "http://farm4.staticflickr.com/3024/3036341686_4138dfbecc_o.jpg",
        "tags": "butterfly quote caterpillar wisdom quotation masterton henleylake sirwiseowl"
    },
    {
        "title": "Love Is A Circle ( But that circle can take many directions)",
        "img_thumb": "http://farm4.staticflickr.com/3144/3086077854_7eb1f41f1c_q.jpg",
        "img_src": "http://farm4.staticflickr.com/3144/3086077854_58e1b7e0c8_o.jpg",
        "tags": "red flower love circle poem round directions mannyfeldman"
    },
    {
        "title": "Painting - Dolphin - Sylvia",
        "img_thumb": "http://farm4.staticflickr.com/3098/3083171920_79cff2fb5c_q.jpg",
        "img_src": "http://farm4.staticflickr.com/3098/3083171920_5cb279c494_o.jpg",
        "tags": "fish art water painting acrylic folkart dolphin canvas sylvia"
    },
    {
        "title": "Sylvia - Folk Art",
        "img_thumb": "http://farm4.staticflickr.com/3063/3010518527_91b05bf4a8_q.jpg",
        "img_src": "http://farm4.staticflickr.com/3063/3010518527_216ef4671d_o.jpg",
        "tags": "art painting folkart sylvia"
    },
    {
        "title": "The Critique",
        "img_thumb": "http://farm4.staticflickr.com/3211/3067267946_82b70b00fe_q.jpg",
        "img_src": "http://farm4.staticflickr.com/3211/3067267946_42c7e243fd_o.jpg",
        "tags": "man ornament critique"
    },
    {
        "title": "Ugly Fruit #2",
        "img_thumb": "http://farm4.staticflickr.com/3285/3006902054_794b0b9ae8_q.jpg",
        "img_src": "http://farm4.staticflickr.com/3285/3006902054_320478abb0_o.jpg",
        "tags": "orange fruit yummy ugly citrus tabletop"
    },
    {
        "title": "Spring!",
        "img_thumb": "http://farm4.staticflickr.com/3008/2961836473_132293ceca_q.jpg",
        "img_src": "http://farm4.staticflickr.com/3008/2961836473_7b419f5a67_o.jpg",
        "tags": "park green water spring elizabeth queen lush outlet masterton spillway wairarapa"
    },
    {
        "title": "Park Fernery Collage",
        "img_thumb": "http://farm4.staticflickr.com/3067/2942822270_3d57aacc2c_q.jpg",
        "img_src": "http://farm4.staticflickr.com/3067/2942822270_a291bf6f8a_o.jpg",
        "tags": "picnik masterton queenelizabethpark koru wairarapa fernery"
    },
    {
        "title": "Time Keepers #1",
        "img_thumb": "http://farm4.staticflickr.com/3083/2900009148_83fc0da107_q.jpg",
        "img_src": "http://farm4.staticflickr.com/3083/2900009148_622a0f7ce6_o.jpg",
        "tags": "love walking couple running christian positive sweethearts halfmarathon timekeepers carterton shinninglight"
    },
    {
        "title": "\" Just Right, Don't Move!\"",
        "img_thumb": "http://farm4.staticflickr.com/3158/2900008246_9403d3bcee_q.jpg",
        "img_src": "http://farm4.staticflickr.com/3158/2900008246_6540470bf2_o.jpg",
        "tags": "spin bikes gym clm"
    },
    {
        "title": "Peace Lily",
        "img_thumb": "http://farm1.staticflickr.com/128/317450907_0925e56c88_q.jpg",
        "img_src": "http://farm1.staticflickr.com/128/317450907_0925e56c88_o.jpg",
        "tags": "flower peace lily"
    },
    {
        "title": "Wind Song",
        "img_thumb": "http://farm1.staticflickr.com/80/215500457_b97dc04a75_q.jpg",
        "img_src": "http://farm1.staticflickr.com/80/215500457_b97dc04a75_o.jpg",
        "tags": ""
    },
    {
        "title": "Lightbox Daisy For Gale",
        "img_thumb": "http://farm1.staticflickr.com/161/338097953_2a383c8d6c_q.jpg",
        "img_src": "http://farm1.staticflickr.com/161/338097953_2a383c8d6c_o.jpg",
        "tags": "flower daisy impressedbeauty"
    },
    {
        "title": "Pure White Rose",
        "img_thumb": "http://farm1.staticflickr.com/46/132157195_cd5b583c04_q.jpg",
        "img_src": "http://farm1.staticflickr.com/46/132157195_cd5b583c04_o.jpg",
        "tags": "rose photos master"
    },
    {
        "title": "Paradise For The Birds",
        "img_thumb": "http://farm1.staticflickr.com/104/313200218_b80f8a2589_q.jpg",
        "img_src": "http://farm1.staticflickr.com/104/313200218_b80f8a2589_o.jpg",
        "tags": "flower quality flax abigfave impressedbeauty"
    },
    {
        "title": "Tabletop",
        "img_thumb": "http://farm1.staticflickr.com/93/278516623_311c76e55c_q.jpg",
        "img_src": "http://farm1.staticflickr.com/93/278516623_311c76e55c_o.jpg",
        "tags": "flower tabletop lilyofthevalley"
    },
    {
        "title": "Vacation Dream!",
        "img_thumb": "http://farm1.staticflickr.com/172/378737758_ed2b3466a7_q.jpg",
        "img_src": "http://farm1.staticflickr.com/172/378737758_ed2b3466a7_o.jpg",
        "tags": "vacation holiday kids poem"
    },
    {
        "title": "Light And Bright",
        "img_thumb": "http://farm1.staticflickr.com/178/400090955_b6dd6d6161_q.jpg",
        "img_src": "http://farm1.staticflickr.com/178/400090955_b6dd6d6161_o.jpg",
        "tags": "white tree blossom picnik flickrdiamond"
    },
    {
        "title": "Post-it Stickers",
        "img_thumb": "http://farm1.staticflickr.com/136/360078113_bdd169fc2e_q.jpg",
        "img_src": "http://farm1.staticflickr.com/136/360078113_bdd169fc2e_o.jpg",
        "tags": "postit lightbox"
    },
    {
        "title": "Bee's Delight",
        "img_thumb": "http://farm1.staticflickr.com/166/390903880_79db69ce73_q.jpg",
        "img_src": "http://farm1.staticflickr.com/166/390903880_79db69ce73_o.jpg",
        "tags": "flower"
    },
    {
        "title": "Sunset",
        "img_thumb": "http://farm1.staticflickr.com/157/413887722_5cdcb7af93_q.jpg",
        "img_src": "http://farm1.staticflickr.com/157/413887722_2fe587a179_o.jpg",
        "tags": "sunset clouds masterton blueribbonwinner"
    },
    {
        "title": "The 2006 balloon festival is fast approaching",
        "img_thumb": "http://farm1.staticflickr.com/49/111124453_1bf152c2e3_q.jpg",
        "img_src": "http://farm1.staticflickr.com/49/111124453_1bf152c2e3_o.jpg",
        "tags": "balloons wairarapa"
    },
    {
        "title": "Harvest Time",
        "img_thumb": "http://farm1.staticflickr.com/125/401490019_6896f4916a_q.jpg",
        "img_src": "http://farm1.staticflickr.com/125/401490019_6896f4916a_o.jpg",
        "tags": "horse wheat harvest nostalgia hay harvester clydesdale wairarapa harvesttime carterton naturesfinest vintagemachineryclub"
    },
    {
        "title": "Exploration (Table-Top)",
        "img_thumb": "http://farm1.staticflickr.com/51/139449439_bd6c9ec072_q.jpg",
        "img_src": "http://farm1.staticflickr.com/51/139449439_bd6c9ec072_o.jpg",
        "tags": "snail tabletop"
    },
    {
        "title": "Waiting In The Rain",
        "img_thumb": "http://farm1.staticflickr.com/45/168509762_9f740a6ff5_q.jpg",
        "img_src": "http://farm1.staticflickr.com/45/168509762_9f740a6ff5_o.jpg",
        "tags": ""
    },
    {
        "title": "Look Left, Look Right",
        "img_thumb": "http://farm1.staticflickr.com/57/174174043_749a00e1d8_q.jpg",
        "img_src": "http://farm1.staticflickr.com/57/174174043_749a00e1d8_o.jpg",
        "tags": ""
    },
    {
        "title": "Tabletop Nonsense",
        "img_thumb": "http://farm1.staticflickr.com/121/297567068_56eeb3c80b_q.jpg",
        "img_src": "http://farm1.staticflickr.com/121/297567068_56eeb3c80b_o.jpg",
        "tags": "blue tomato cucumber fork celery"
    },
    {
        "title": "Before The Storm",
        "img_thumb": "http://farm1.staticflickr.com/108/297095965_80bff2894b_q.jpg",
        "img_src": "http://farm1.staticflickr.com/108/297095965_80bff2894b_o.jpg",
        "tags": "sky storm clouds"
    },
    {
        "title": "Kingfisher  (Kotare)",
        "img_thumb": "http://farm1.staticflickr.com/50/158272408_716eabc603_q.jpg",
        "img_src": "http://farm1.staticflickr.com/50/158272408_716eabc603_o.jpg",
        "tags": "kingfisher"
    },
    {
        "title": "Summer Time!!",
        "img_thumb": "http://farm1.staticflickr.com/114/309864904_8d5bcfcb47_q.jpg",
        "img_src": "http://farm1.staticflickr.com/114/309864904_8d5bcfcb47_o.jpg",
        "tags": "rose"
    },
    {
        "title": "Cotton Bud Swirl",
        "img_thumb": "http://farm1.staticflickr.com/84/245005863_f2c8ce7804_q.jpg",
        "img_src": "http://farm1.staticflickr.com/84/245005863_f2c8ce7804_o.jpg",
        "tags": ""
    },
    {
        "title": "Winter Sunrise",
        "img_thumb": "http://farm2.staticflickr.com/1422/613657493_20d8fb1f1f_q.jpg",
        "img_src": "http://farm2.staticflickr.com/1422/613657493_1d00ba4212_o.jpg",
        "tags": "trees winter sunrise fence frost cows"
    },
    {
        "title": "Full Steam Ahead! (Black & White)",
        "img_thumb": "http://farm1.staticflickr.com/171/400231570_a93a03df37_q.jpg",
        "img_src": "http://farm1.staticflickr.com/171/400231570_a93a03df37_o.jpg",
        "tags": "train searchthebest steam locomotive picnik steamtrain"
    },
    {
        "title": "Carrie's Marbles! The large marble is for thinking, The rest are just loose marbles",
        "img_thumb": "http://farm1.staticflickr.com/149/354327704_04297d9675_q.jpg",
        "img_src": "http://farm1.staticflickr.com/149/354327704_04297d9675_o.jpg",
        "tags": "stones pebbles marbles"
    },
    {
        "title": "Colour My Day",
        "img_thumb": "http://farm1.staticflickr.com/98/419305621_7cdfbcc608_q.jpg",
        "img_src": "http://farm1.staticflickr.com/98/419305621_87b8a38d82_o.jpg",
        "tags": "color ballooncolour"
    },
    {
        "title": "Lightbox Carnation",
        "img_thumb": "http://farm1.staticflickr.com/180/366212220_b911aa88f3_q.jpg",
        "img_src": "http://farm1.staticflickr.com/180/366212220_b911aa88f3_o.jpg",
        "tags": "yellow carnation lightbox"
    },
    {
        "title": "Flower",
        "img_thumb": "http://farm1.staticflickr.com/143/340291358_bff340253b_q.jpg",
        "img_src": "http://farm1.staticflickr.com/143/340291358_bff340253b_o.jpg",
        "tags": "flower lightbox"
    },
    {
        "title": "Lilly Of The Valley",
        "img_thumb": "http://farm1.staticflickr.com/115/270493977_133a617c2a_q.jpg",
        "img_src": "http://farm1.staticflickr.com/115/270493977_133a617c2a_o.jpg",
        "tags": "white flower lilyofthevalley excellence abigfave"
    },
    {
        "title": "Coffee and Cake",
        "img_thumb": "http://farm1.staticflickr.com/130/371172885_18fbb535fe_q.jpg",
        "img_src": "http://farm1.staticflickr.com/130/371172885_18fbb535fe_o.jpg",
        "tags": "coffee cake painting paint acrylic canvas"
    },
    {
        "title": "Spring Beauty",
        "img_thumb": "http://farm1.staticflickr.com/93/221386283_608ffb9e49_q.jpg",
        "img_src": "http://farm1.staticflickr.com/93/221386283_608ffb9e49_o.jpg",
        "tags": "flower cffaa"
    },
    {
        "title": "Sun Burst!",
        "img_thumb": "http://farm3.staticflickr.com/2384/1501073136_10db17749e_q.jpg",
        "img_src": "http://farm3.staticflickr.com/2384/1501073136_1459c159f7_o.jpg",
        "tags": "trees sunlight shadows shade diamondclassphotographer flickrdiamond diamondclassphotography onlythebestare"
    },
    {
        "title": "Power of steam",
        "img_thumb": "http://farm1.staticflickr.com/31/100898032_acc3f825ae_q.jpg",
        "img_src": "http://farm1.staticflickr.com/31/100898032_acc3f825ae_o.jpg",
        "tags": "trains"
    },
    {
        "title": "Majestic!",
        "img_thumb": "http://farm3.staticflickr.com/2305/1807474456_b64a691f10_q.jpg",
        "img_src": "http://farm3.staticflickr.com/2305/1807474456_d8f3b2321c_o.jpg",
        "tags": "white pigeon"
    },
    {
        "title": "Man In Crisis",
        "img_thumb": "http://farm1.staticflickr.com/61/160435367_c00d2016ce_q.jpg",
        "img_src": "http://farm1.staticflickr.com/61/160435367_c00d2016ce_o.jpg",
        "tags": "man crisis"
    },
    {
        "title": "Mr Panda",
        "img_thumb": "http://farm1.staticflickr.com/77/193707367_3027a754a7_q.jpg",
        "img_src": "http://farm1.staticflickr.com/77/193707367_3027a754a7_o.jpg",
        "tags": "painting panda folkart"
    },
    {
        "title": "Winter Morning",
        "img_thumb": "http://farm1.staticflickr.com/149/373931818_2d70ec1f4d_q.jpg",
        "img_src": "http://farm1.staticflickr.com/149/373931818_2d70ec1f4d_o.jpg",
        "tags": "road winter people mist tree fog blackwhite poem"
    },
    {
        "title": "East Coast Church",
        "img_thumb": "http://farm1.staticflickr.com/159/355314482_232e2308fe_q.jpg",
        "img_src": "http://farm1.staticflickr.com/159/355314482_232e2308fe_o.jpg",
        "tags": "church"
    },
    {
        "title": "Exploration  (Table-Top)",
        "img_thumb": "http://farm1.staticflickr.com/44/139449392_5a1baaf278_q.jpg",
        "img_src": "http://farm1.staticflickr.com/44/139449392_5a1baaf278_o.jpg",
        "tags": "snail tabletop"
    },
    {
        "title": "How to tell when you are flying over Africa",
        "img_thumb": "http://farm1.staticflickr.com/45/152308039_6c30ff835f_q.jpg",
        "img_src": "http://farm1.staticflickr.com/45/152308039_6c30ff835f_o.jpg",
        "tags": "joke"
    },
    {
        "title": "\"Sylvia\"",
        "img_thumb": "http://farm1.staticflickr.com/185/377856060_44ada2c267_q.jpg",
        "img_src": "http://farm1.staticflickr.com/185/377856060_44ada2c267_o.jpg",
        "tags": "rose poem"
    },
    {
        "title": "First Oil Painting",
        "img_thumb": "http://farm1.staticflickr.com/120/314354719_43b83e10ab_q.jpg",
        "img_src": "http://farm1.staticflickr.com/120/314354719_43b83e10ab_o.jpg",
        "tags": "painting canvas oilpainting"
    },
    {
        "title": "Wind Power",
        "img_thumb": "http://farm1.staticflickr.com/12/96640697_33906e4123_q.jpg",
        "img_src": "http://farm1.staticflickr.com/12/96640697_33906e4123_o.jpg",
        "tags": "power wind"
    },
    {
        "title": "Farm Shed In Sepia",
        "img_thumb": "http://farm1.staticflickr.com/121/304519904_d167d266b0_q.jpg",
        "img_src": "http://farm1.staticflickr.com/121/304519904_d167d266b0_o.jpg",
        "tags": "sepia abigfave"
    },
    {
        "title": "On Strike!",
        "img_thumb": "http://farm1.staticflickr.com/174/409597558_ad1908b79a_q.jpg",
        "img_src": "http://farm1.staticflickr.com/174/409597558_15f943b777_o.jpg",
        "tags": "old truck vintage"
    },
    {
        "title": "Summer beauty",
        "img_thumb": "http://farm1.staticflickr.com/165/335917888_8d7c6d8963_q.jpg",
        "img_src": "http://farm1.staticflickr.com/165/335917888_8d7c6d8963_o.jpg",
        "tags": "flower instntfave"
    },
    {
        "title": "Bird Table Reflection",
        "img_thumb": "http://farm1.staticflickr.com/165/361722103_29757604f1_q.jpg",
        "img_src": "http://farm1.staticflickr.com/165/361722103_29757604f1_o.jpg",
        "tags": "blue lake water birds table sparrow henleylake ultimateshot"
    },
    {
        "title": "\"Don't - Forget - Me\"  -- Memories",
        "img_thumb": "http://farm1.staticflickr.com/86/279323146_948a308e10_q.jpg",
        "img_src": "http://farm1.staticflickr.com/86/279323146_948a308e10_o.jpg",
        "tags": "flower rocks"
    },
    {
        "title": "W-o-o-o-o-o-ww! A Wolf Poem",
        "img_thumb": "http://farm1.staticflickr.com/121/271069081_e0b2412b66_q.jpg",
        "img_src": "http://farm1.staticflickr.com/121/271069081_e0b2412b66_o.jpg",
        "tags": "painting wolf acrylic folkart poem canvas"
    },
    {
        "title": "Raindrops",
        "img_thumb": "http://farm1.staticflickr.com/84/249288228_5d160ca871_q.jpg",
        "img_src": "http://farm1.staticflickr.com/84/249288228_5d160ca871_o.jpg",
        "tags": "daisy raindrops"
    },
    {
        "title": "Magnum",
        "img_thumb": "http://farm1.staticflickr.com/94/205180977_f14d8191a9_q.jpg",
        "img_src": "http://farm1.staticflickr.com/94/205180977_f14d8191a9_o.jpg",
        "tags": "dog oldenglishsheepdog"
    },
    {
        "title": "Steam",
        "img_thumb": "http://farm1.staticflickr.com/47/112342762_d73ab7c282_q.jpg",
        "img_src": "http://farm1.staticflickr.com/47/112342762_d73ab7c282_o.jpg",
        "tags": "trains steamtrains"
    },
    {
        "title": "Against The Sky",
        "img_thumb": "http://farm1.staticflickr.com/69/166795938_cfe25139b9_q.jpg",
        "img_src": "http://farm1.staticflickr.com/69/166795938_cfe25139b9_o.jpg",
        "tags": "leaves"
    },
    {
        "title": "Christmas Time!",
        "img_thumb": "http://farm1.staticflickr.com/123/328445296_910f2a19a6_q.jpg",
        "img_src": "http://farm1.staticflickr.com/123/328445296_910f2a19a6_o.jpg",
        "tags": "candles impressedbeauty"
    },
    {
        "title": "Wairarapa Sunrise",
        "img_thumb": "http://farm1.staticflickr.com/89/256865837_d02ce89058_q.jpg",
        "img_src": "http://farm1.staticflickr.com/89/256865837_d02ce89058_o.jpg",
        "tags": "red sky clouds sunrise"
    },
    {
        "title": "Girl With Fawn.Taken at Thornton Beach, near Whakatane BOP",
        "img_thumb": "http://farm1.staticflickr.com/45/126874345_e4004d4427_q.jpg",
        "img_src": "http://farm1.staticflickr.com/45/126874345_e4004d4427_o.jpg",
        "tags": "fawn abigfave photooftheweek082006"
    },
    {
        "title": "Criteriums  (Sprints)",
        "img_thumb": "http://farm1.staticflickr.com/145/372825411_4ef0b7d27f_q.jpg",
        "img_src": "http://farm1.staticflickr.com/145/372825411_4ef0b7d27f_o.jpg",
        "tags": "road bike race speed cycleclassic"
    },
    {
        "title": "Garden Color",
        "img_thumb": "http://farm1.staticflickr.com/84/212174018_bb1faa3903_q.jpg",
        "img_src": "http://farm1.staticflickr.com/84/212174018_bb1faa3903_o.jpg",
        "tags": "flower garden"
    },
    {
        "title": "Yellow Mellow!",
        "img_thumb": "http://farm1.staticflickr.com/112/299191739_da2131c07d_q.jpg",
        "img_src": "http://farm1.staticflickr.com/112/299191739_da2131c07d_o.jpg",
        "tags": "flower yellow"
    },
    {
        "title": "Mt Holdsworth",
        "img_thumb": "http://farm1.staticflickr.com/44/135578268_37aaae7597_q.jpg",
        "img_src": "http://farm1.staticflickr.com/44/135578268_37aaae7597_o.jpg",
        "tags": "wairarapa mtholdsworth"
    },
    {
        "title": "Exploration (Table-Top)",
        "img_thumb": "http://farm1.staticflickr.com/49/139449342_b1410318cf_q.jpg",
        "img_src": "http://farm1.staticflickr.com/49/139449342_b1410318cf_o.jpg",
        "tags": "snail tabletop"
    },
    {
        "title": "The Kiss!",
        "img_thumb": "http://farm3.staticflickr.com/2349/2147792644_bd53be73d9_q.jpg",
        "img_src": "http://farm3.staticflickr.com/2349/2147792644_aa31be4778_o.jpg",
        "tags": "wedding friends party love sepia yummy hands kiss soft passion romantic"
    },
    {
        "title": "Tabletop Beauty",
        "img_thumb": "http://farm4.staticflickr.com/3163/2814566055_2aa0dd375d_q.jpg",
        "img_src": "http://farm4.staticflickr.com/3163/2814566055_05fa576ab3_o.jpg",
        "tags": "flower macro nature floral petals tabletop"
    },
    {
        "title": "Wind Power Lighting Up The World.",
        "img_thumb": "http://farm4.staticflickr.com/3166/2874716842_a8011f07c3_q.jpg",
        "img_src": "http://farm4.staticflickr.com/3166/2874716842_1ee972da95_o.jpg",
        "tags": "power wind windpower"
    },
    {
        "title": "Health Drink",
        "img_thumb": "http://farm4.staticflickr.com/3188/2917625346_290e7dbfee_q.jpg",
        "img_src": "http://farm4.staticflickr.com/3188/2917625346_9989acfa84_o.jpg",
        "tags": "glass table cafe drink straw fruitdrink"
    },
    {
        "title": "Sun Burst!",
        "img_thumb": "http://farm4.staticflickr.com/3447/3374522548_8440986991_q.jpg",
        "img_src": "http://farm4.staticflickr.com/3447/3374522548_1849be676c_o.jpg",
        "tags": "morning lake reflection water sunrise balloons fiesta balloonfiesta sunburst masterton wairarapa henleylake 2009wairarapaballoonfiesta"
    },
    {
        "title": "Wool Fling!",
        "img_thumb": "http://farm4.staticflickr.com/3664/3333227123_5ae5606863_q.jpg",
        "img_src": "http://farm4.staticflickr.com/3664/3333227123_801e6bc97f_o.jpg",
        "tags": "fling wool table masterton goldenshares"
    },
    {
        "title": "Life Is About.....",
        "img_thumb": "http://farm5.staticflickr.com/4020/4276602783_b877508bc2_q.jpg",
        "img_src": "http://farm5.staticflickr.com/4020/4276602783_34bab1fa4b_o.jpg",
        "tags": "ocean life sea beach coast words quotation"
    },
    {
        "title": "Move It!",
        "img_thumb": "http://farm3.staticflickr.com/2561/4200536021_a33c2a2c40_q.jpg",
        "img_src": "http://farm3.staticflickr.com/2561/4200536021_1d9261209b_o.jpg",
        "tags": "collage shoes health gym weights fitnes spinbikes"
    },
    {
        "title": "Halloween Fun",
        "img_thumb": "http://farm3.staticflickr.com/2555/4054153361_ec788ce2cb_q.jpg",
        "img_src": "http://farm3.staticflickr.com/2555/4054153361_8e4e75d262_o.jpg",
        "tags": "moon halloween fun picnik"
    },
    {
        "title": "Twenty Reasons Why Porridge Is The Ultimate Health Food........",
        "img_thumb": "http://farm4.staticflickr.com/3174/2975927428_9fb643bb2c_q.jpg",
        "img_src": "http://farm4.staticflickr.com/3174/2975927428_d8c0bb2890_o.jpg",
        "tags": "food breakfast yummy ultimate health maplesyrup oats saucepan satisfied porriage"
    },
    {
        "title": "Morning Snack",
        "img_thumb": "http://farm5.staticflickr.com/4021/4643355404_67edf1734b_q.jpg",
        "img_src": "http://farm5.staticflickr.com/4021/4643355404_dcdf25fa60_o.jpg",
        "tags": "food bread plate snack picnik"
    },
    {
        "title": "Love Is----",
        "img_thumb": "http://farm5.staticflickr.com/4079/4887329096_6c15e22eb7_q.jpg",
        "img_src": "http://farm5.staticflickr.com/4079/4887329096_a7e2802f0a_o.jpg",
        "tags": "park trees love beautiful flowing picnik masterton queenelizabethpark wairarapa beautyunoticed"
    },
    {
        "title": "You And Me!",
        "img_thumb": "http://farm6.staticflickr.com/5127/5253567732_d64a7a0f8e_q.jpg",
        "img_src": "http://farm6.staticflickr.com/5127/5253567732_68c17f264d_o.jpg",
        "tags": "bear friends love scrapbook teddy creation ornaments forever picnik tabletop"
    },
    {
        "title": "Let Your Light Shine ~~~ Radiate Love",
        "img_thumb": "http://farm6.staticflickr.com/5201/5272659734_c51d924822_q.jpg",
        "img_src": "http://farm6.staticflickr.com/5201/5272659734_6cdb3c5b29_o.jpg",
        "tags": "light flower love words shine clematis strength wisdom radiate picnik courage beautyunoticed"
    },
    {
        "title": "Drop A Pebble In The Water;",
        "img_thumb": "http://farm6.staticflickr.com/5022/5605170026_c9f369755f_q.jpg",
        "img_src": "http://farm6.staticflickr.com/5022/5605170026_71b716de69_o.jpg",
        "tags": "blue sky water words poem pebble picnik laketaupo beautyunoticed"
    },
    {
        "title": "Out With The Old, In With The New",
        "img_thumb": "http://farm8.staticflickr.com/7002/6609586149_8207194d35_q.jpg",
        "img_src": "http://farm8.staticflickr.com/7002/6609586149_6cb68a19b5_o.jpg",
        "tags": "new old year newyear picnik 2012"
    },
    {
        "title": "Coffee Nose!",
        "img_thumb": "http://farm8.staticflickr.com/7154/6585719715_a894411b78_q.jpg",
        "img_src": "http://farm8.staticflickr.com/7154/6585719715_191f28c604_o.jpg",
        "tags": "sign shop nose cafe mural coffeeshop masterton megacafe"
    },
    {
        "title": "Balancing Act",
        "img_thumb": "http://farm4.staticflickr.com/3417/5769624015_7910c58f75_q.jpg",
        "img_src": "http://farm4.staticflickr.com/3417/5769624015_6ea42ce625_o.jpg",
        "tags": "boy lake water sport training boat canoe balancing picnik masterton waka henleylake"
    },
    {
        "title": "Yeah! But I Can't See The Price Tags!",
        "img_thumb": "http://farm7.staticflickr.com/6074/6048290118_e61a454d3b_q.jpg",
        "img_src": "http://farm7.staticflickr.com/6074/6048290118_09786acbda_o.jpg",
        "tags": "snow cars night yard picnik cardealer beautyunoticed"
    },
    {
        "title": "Trellis Gate",
        "img_thumb": "http://farm7.staticflickr.com/6074/6057436009_a1f3af15a3_q.jpg",
        "img_src": "http://farm7.staticflickr.com/6074/6057436009_f13a8e7dca_o.jpg",
        "tags": "winter snow garden backyard gate trellis picnik masterton wairarapa beautyunoticed"
    },
    {
        "title": "Far Away In The Sunshine....",
        "img_thumb": "http://farm9.staticflickr.com/8434/7617672776_29716ef792_q.jpg",
        "img_src": "http://farm9.staticflickr.com/8434/7617672776_dc00b66863_o.jpg",
        "tags": "mountains sunshine words hills motivation masterton wairarapa aspirations tararua"
    },
    {
        "title": "A Prayer For Every Day",
        "img_thumb": "http://farm9.staticflickr.com/8487/8270304817_836aa176a4_q.jpg",
        "img_src": "http://farm9.staticflickr.com/8487/8270304817_bc9a05308f_o.jpg",
        "tags": "flower garden words prayer wisdom tabletop"
    }
]